patch,mean_R,mean_G,mean_B,frac_nao_rocha_rockface,porosidade_rockface_area_total,porosidade_rockface_area_rocha
y22800_x34200,17.385,19.5153,21.4962,0.1658,10.2508,12.2884
y22800_x38000,16.1012,18.4251,20.1507,0.2033,10.2717,12.8934
y26600_x15200,15.2883,16.786,17.6668,0.0808,8.3555,9.0897
y26600_x19000,13.531,14.8546,15.8203,0.1048,7.4978,8.3754
y26600_x22800,14.4671,16.3913,17.9429,0.1103,9.3198,10.4747
y26600_x26600,15.0486,15.3957,15.3843,0.0958,5.3562,5.9237
y34200_x22800,13.467,14.7822,15.4421,0.265,6.3239,8.6041
y34200_x26600,15.5081,16.5321,17.1044,0.1505,5.9451,6.998
y34200_x30400,16.1153,18.8164,21.0117,0.0981,11.4657,12.713
y34200_x34200,17.3765,17.2847,17.6575,0.0725,4.8171,5.1934
y34200_x38000,18.241,19.3495,20.0385,0.0963,6.5511,7.2493
y38000_x15200,19.3735,22.827,23.8337,0.13,11.9902,13.7821
y38000_x19000,18.4656,20.6648,22.1188,0.0788,11.0486,11.9938
y38000_x22800,16.6655,21.8054,25.3245,0.1727,16.7102,20.1978
y38000_x26600,25.659,26.7204,26.348,0.1126,6.5234,7.3513
y38000_x30400,18.2182,19.0602,19.4649,0.1008,6.5339,7.2667
y38000_x34200,19.6428,20.7932,21.1701,0.097,7.1133,7.8777
y38000_x38000,22.8579,23.5708,23.6671,0.077,6.332,6.8599
