patch,fold,method,reference,iou,dice,precision,recall,accuracy,boundary_f1,porosity_total,porosity_rockface_rock
y26600_x15200,0,rockface,rockface,0.9999999999999967,0.9999999999999982,0.9999999999999967,0.9999999999999967,0.9999999999999998,0.9999999995,8.359085872576177,9.09332528956511
y26600_x15200,0,RF,rockface,0.9480259773662522,0.9733196460223711,0.9694987029468883,0.9771708261118793,0.9955218836565094,0.8660704389058468,8.425235457063712,9.16528527402802
y26600_x15200,0,LGBM,rockface,0.9375511829841443,0.9677692039496605,0.9606188926144884,0.9750267594105276,0.9945711911357338,0.8374666409598481,8.484459833795013,9.22971175927999
y26600_x15200,0,RF-cor,rockface,0.9746385538247191,0.9871564109157304,0.9820445295666714,0.9923217889535795,0.9978415512465372,0.9862121401490231,8.44656509695291,9.188488451597719
y34200_x26600,0,rockface,rockface,0.9999999999999953,0.9999999999999977,0.9999999999999953,0.9999999999999953,0.9999999999999998,0.9999999995,5.945623268698061,6.997961616309156
y34200_x26600,0,RF,rockface,0.9242222577153059,0.9606190282952721,0.9508889649663315,0.9705502779110733,0.9952686980609415,0.8448241839927337,6.0685595567867034,7.1426568629496705
y34200_x26600,0,LGBM,rockface,0.8875894489645406,0.9404475633739511,0.9124030668127014,0.9702707361731623,0.9926939058171742,0.8221627851481882,6.322714681440443,7.441795864285118
y34200_x26600,0,RF-cor,rockface,0.965580913051779,0.9824891019648834,0.9759090971772092,0.9891584395980144,0.997903601108033,0.9776721884945585,6.0263434903047095,7.092968815207412
y38000_x34200,0,rockface,rockface,0.9999999999999961,0.9999999999999981,0.9999999999999961,0.9999999999999961,0.9999999999999998,0.9999999995,7.114293628808864,7.87858392495979
y38000_x34200,0,RF,rockface,0.9524416687026594,0.9756416122132132,0.9798680386458214,0.9714514885564508,0.9965490304709139,0.8164318822077891,7.053185595567866,7.810911040834113
y38000_x34200,0,LGBM,rockface,0.9482712856720299,0.9734489161194372,0.9731648091650544,0.9737331890073397,0.9962210526315787,0.7968339092238832,7.118448753462604,7.883185435666432
y38000_x34200,0,RF-cor,rockface,0.9735098067792153,0.9865771159941602,0.9848220902216511,0.9883384081050945,0.9980867036011077,0.958630059850906,7.139695290858726,7.906714493746393
y26600_x19000,1,rockface,rockface,0.9999999999999963,0.9999999999999981,0.9999999999999963,0.9999999999999963,0.9999999999999998,0.9999999995,7.495457063711912,8.371954296541547
y26600_x19000,1,RF,rockface,0.9312386591538503,0.9643952131342084,0.9559526230174833,0.9729882551203648,0.9946149584487533,0.8336892965198295,7.6290304709141274,8.52114739455077
y26600_x19000,1,LGBM,rockface,0.9222145470180625,0.9595334177953202,0.9521298853460506,0.9670529886985988,0.9938861495844873,0.8067076301993042,7.612936288088642,8.50317120418508
y26600_x19000,1,RF-cor,rockface,0.9709413468501051,0.985256459713357,0.9794950837874524,0.9910860133192368,0.9977767313019388,0.988646820893413,7.58415512465374,8.471024454116316
y26600_x22800,1,rockface,rockface,0.9999999999999971,0.9999999999999984,0.9999999999999971,0.9999999999999971,0.9999999999999998,0.9999999995,9.321994459833794,10.476958716877348
y26600_x22800,1,RF,rockface,0.947730308412629,0.9731637941035224,0.9619548335215484,0.9846370541179797,0.9949376731301937,0.8822250767371596,9.54180055401662,10.723998058554084
y26600_x22800,1,LGBM,rockface,0.9416436395160137,0.9699448656301665,0.9589119462884529,0.9812346221963337,0.9943313019390579,0.8670194085974603,9.539002770083101,10.720853638452086
y26600_x22800,1,RF-cor,rockface,0.9784865643499975,0.9891263170356325,0.9851725642325668,0.9931119325813286,0.9979645429362878,0.9906720831066289,9.397119113573407,10.561391066546825
y38000_x38000,1,rockface,rockface,0.9999999999999957,0.9999999999999979,0.9999999999999957,0.9999999999999957,0.9999999999999998,0.9999999995,6.334321329639889,6.862259060640344
y38000_x38000,1,RF,rockface,0.8929608220937663,0.9434540975930819,0.9771308894636186,0.9120213059050378,0.9930750692520773,0.6609163610386874,5.9122437673130195,6.40500319601953
y38000_x38000,1,LGBM,rockface,0.8995693097062434,0.947129757371534,0.9690379670384934,0.9261902575338112,0.9934501385041549,0.6986277550290239,6.054238227146815,6.55883226749333
y38000_x38000,1,RF-cor,rockface,0.9428977517443323,0.9706097512314267,0.9842154716251591,0.957375070516769,0.9963274238227144,0.913651392843865,6.161578947368421,6.6751193630768215
y22800_x34200,2,rockface,rockface,0.9999999999999973,0.9999999999999986,0.9999999999999973,0.9999999999999973,0.9999999999999998,0.9999999995,10.24797783933518,12.284891043783388
y22800_x34200,2,RF,rockface,0.935847150259065,0.9668605810472434,0.9574645162145302,0.9764428898884153,0.9931404432132962,0.8165529085982338,10.451108033240997,12.528395893126177
y22800_x34200,2,LGBM,rockface,0.9240599510446109,0.9605313499123768,0.9508313514028864,0.9704312991955687,0.9918271468144042,0.759110864650391,10.459224376731303,12.538125460950727
y22800_x34200,2,RF-cor,rockface,0.9732153762007653,0.9864258995129026,0.9820967344357846,0.9907934002248914,0.9972055401662048,0.97477223224081,10.338725761772853,12.393676245808066
y38000_x19000,2,rockface,rockface,0.9999999999999976,0.9999999999999987,0.9999999999999976,0.9999999999999976,0.9999999999999998,0.9999999995,11.044986149584487,11.990469548837247
y38000_x19000,2,RF,rockface,0.9528039477401795,0.9758316484793894,0.9706223156264941,0.9810972000682152,0.994632409972299,0.8509890886207732,11.164182825484763,12.119869811847868
y38000_x19000,2,LGBM,rockface,0.9456215904436672,0.9720508808992334,0.9655944685863591,0.9785942155475944,0.9937844875346258,0.815436851272562,11.193684210526316,12.151896602483776
y38000_x19000,2,RF-cor,rockface,0.9779831442335252,0.9888690377212458,0.9859193202980652,0.9918364583019809,0.9975337950138502,0.9831572491263499,11.111274238227146,12.062432093430418
y38000_x30400,2,rockface,rockface,0.9999999999999958,0.9999999999999979,0.9999999999999958,0.9999999999999958,0.9999999999999998,0.9999999995,6.5330747922437675,7.2657121749754925
y38000_x30400,2,RF,rockface,0.9215570893250423,0.9591774238138763,0.9621607092573748,0.9562125811977369,0.994682548476454,0.7914667106202119,6.4926869806094185,7.220795160545979
y38000_x30400,2,LGBM,rockface,0.9161407515472637,0.9562353400265503,0.9565721026145803,0.9558988144705782,0.9942836565096951,0.7717600167477593,6.528476454293629,7.260598166473915
y38000_x30400,2,RF-cor,rockface,0.9605811713118254,0.979894314367102,0.9789260762300487,0.980864469734227,0.997370360110803,0.9664483012315379,6.54601108033241,7.280099174796194
y22800_x38000,3,rockface,rockface,0.9999999999999973,0.9999999999999986,0.9999999999999973,0.9999999999999973,0.9999999999999998,0.9999999995,10.273185595567867,12.893502455196659
y22800_x38000,3,RF,rockface,0.9464231908151048,0.9724742237773796,0.9626973725929502,0.9824516936218837,0.9942864265927975,0.8287823049368235,10.48398891966759,13.158074057798292
y22800_x38000,3,LGBM,rockface,0.942975663286349,0.9706510288362541,0.9613717332599798,0.9801112003925962,0.9939110803324097,0.8260880676192353,10.47343490304709,13.144828094514294
y22800_x38000,3,RF-cor,rockface,0.9766135135493953,0.9881684070809524,0.9846774171956676,0.9916842383420221,0.9975603878116341,0.9773490910506736,10.346288088642659,12.985250741565347
y34200_x22800,3,rockface,rockface,0.9999999999999957,0.9999999999999978,0.9999999999999957,0.9999999999999957,0.9999999999999998,0.9999999995,6.321385041551246,8.601382918376155
y34200_x22800,3,RF,rockface,0.935194429296527,0.9665121138618455,0.9562988731560598,0.9769458637522854,0.9957204986149581,0.8416504433204098,6.457867036011081,8.78709125414376
y34200_x22800,3,LGBM,rockface,0.9301252692557002,0.9637978260492672,0.9533443081170488,0.9744831333642958,0.9953722991689749,0.8346950453316284,6.461551246537396,8.792104286142358
y34200_x22800,3,RF-cor,rockface,0.9704082246653961,0.9849819063054159,0.9806119568285914,0.9893909781684604,0.9980927977839332,0.9839017744199849,6.3779778393351805,8.678387612911008
y38000_x26600,3,rockface,rockface,0.9999999999999958,0.9999999999999979,0.9999999999999958,0.9999999999999958,0.9999999999999998,0.9999999995,6.523047091412742,7.350774887084404
y38000_x26600,3,RF,rockface,0.9243940431917493,0.960711811036968,0.9587634970246237,0.9626680595544417,0.9948639889196673,0.776141707733977,6.549612188365652,7.380710903920994
y38000_x26600,3,LGBM,rockface,0.9188466679396564,0.9577072345506995,0.9549997677570784,0.9604300965678865,0.9944667590027698,0.7592139027258409,6.560138504155125,7.39257293353299
y38000_x26600,3,RF-cor,rockface,0.9608755379769124,0.9800474526478853,0.9769314187578285,0.9831834280327117,0.9973886426592795,0.9636613999964075,6.564792243767313,7.397817199256188
y26600_x26600,4,rockface,rockface,0.9999999999999949,0.9999999999999974,0.9999999999999949,0.9999999999999949,0.9999999999999998,0.9999999995,5.357673130193906,5.9250427501766065
y26600_x26600,4,RF,rockface,0.9342155725008296,0.9659890922012819,0.9622179814706467,0.969789878601116,0.9963412742382269,0.8613980008808698,5.39983379501385,5.971668166726608
y26600_x26600,4,LGBM,rockface,0.9230300206218229,0.9599746345336364,0.9572479526211028,0.9627168945049895,0.9956988919667588,0.8285779091024139,5.388282548476455,5.958893660352527
y26600_x26600,4,RF-cor,rockface,0.9688934448994796,0.984200996157967,0.9765021426462905,0.9920222116518056,0.998293628808864,0.9860513574600291,5.442825484764543,6.019212612512154
y34200_x38000,4,rockface,rockface,0.9999999999999958,0.9999999999999979,0.9999999999999958,0.9999999999999958,0.9999999999999998,0.9999999995,6.551745152354571,7.2493294497457414
y34200_x38000,4,RF,rockface,0.9291379281827316,0.9632674933284727,0.9768799697413627,0.9500291732553086,0.9952529085872573,0.7438340110582236,6.371662049861496,7.050072349851454
y34200_x38000,4,LGBM,rockface,0.9246331392096827,0.9608409211839377,0.9713711680960878,0.9505365342172649,0.9949238227146812,0.7235170353951643,6.411218836565097,7.0938408683330785
y34200_x38000,4,RF-cor,rockface,0.9642002000174249,0.9817738538147702,0.9811623517289972,0.9823861186040768,0.997610249307479,0.9584080074578393,6.559916897506925,7.258371265538513
y38000_x22800,4,rockface,rockface,0.9999999999999982,0.9999999999999992,0.9999999999999982,0.9999999999999982,0.9999999999999998,0.9999999995,16.711828254847646,20.198071313975944
y38000_x22800,4,RF,rockface,0.9536910524043062,0.9762966884970357,0.971539671128005,0.9811005193130398,0.9920385041551244,0.8198203368548863,16.87628808864266,20.396839001186514
y38000_x22800,4,LGBM,rockface,0.9502317940408662,0.9744808765239058,0.9691663251086138,0.9798540354087605,0.9914235457063709,0.8113777805584732,16.89612188365651,20.420810310609244
y38000_x22800,4,RF-cor,rockface,0.9774671562627483,0.9886051995018532,0.9844624225011325,0.9927829907988917,0.9961753462603875,0.9739406289320099,16.853074792243767,20.368783194906833
y34200_x30400,5,rockface,rockface,0.9999999999999976,0.9999999999999988,0.9999999999999976,0.9999999999999976,0.9999999999999998,0.9999999995,11.46792243767313,12.715390280954127
y34200_x30400,5,RF,rockface,0.9505442432204163,0.9746451499618739,0.9705666776849979,0.978758043633691,0.9941601108033239,0.8362151272053001,11.564709141274237,12.822705334485725
y34200_x30400,5,LGBM,rockface,0.9462962833091361,0.9724072243514971,0.9670768620649266,0.9777966723994643,0.9936362880886423,0.8172362029802374,11.595041551246538,12.856337270266236
y34200_x30400,5,RF-cor,rockface,0.974879956684665,0.9872802175999064,0.9829847758520759,0.9916133645094567,0.9970698060941826,0.9763665669248202,11.568587257617729,12.827005308010175
y34200_x34200,5,rockface,rockface,0.9999999999999943,0.9999999999999971,0.9999999999999943,0.9999999999999943,0.9999999999999998,0.9999999995,4.818947368421052,5.195355943582288
y34200_x34200,5,RF,rockface,0.9308618740847513,0.9641931269951555,0.9674040726102726,0.9610034259961776,0.9965603878116341,0.8416853377329045,4.787063711911357,5.160981850717884
y34200_x34200,5,LGBM,rockface,0.9210536464961961,0.9589046596133357,0.956849232741691,0.9609689361017167,0.9960307479224374,0.8041724237712173,4.839695290858726,5.21772448880856
y34200_x34200,5,RF-cor,rockface,0.9635431356400628,0.9814331227574212,0.9809681328210639,0.9818985537237533,0.9982096952908585,0.9687786463559609,4.8235180055401665,5.200283593732268
y38000_x15200,5,rockface,rockface,0.9999999999999977,0.9999999999999988,0.9999999999999977,0.9999999999999977,0.9999999999999998,0.9999999995,11.990138504155125,13.782180891203799
y38000_x15200,5,RF,rockface,0.9574335594851092,0.9782539538526723,0.9726186316623597,0.9839549583683707,0.9947548476454291,0.8632917628690471,12.129889196675899,13.942818678942853
y38000_x15200,5,LGBM,rockface,0.9542494535838582,0.9765891983071859,0.9727857473604078,0.9804225078781248,0.9943639889196674,0.8437525574776072,12.08426592797784,13.890376570636368
y38000_x15200,5,RF-cor,rockface,0.97925999403918,0.9895213332137861,0.984688204907642,0.9944021402630024,0.997474792243767,0.9840128792118628,12.108421052631579,13.918141912739134
