,gini_importance
b_gauss_s10.0,0.09798589665541664
b_gauss_s3.5,0.09352571265616634
b_gauss_s1.6,0.0817582804041327
S_st2_s5.0,0.07959054740459108
b_gauss_s5.0,0.0783840052524796
S_st2_s10.0,0.06065330271062539
b_gauss_s1.0,0.05754157733111832
S_st2_s3.5,0.04876853966203992
color_B,0.043854656905245926
b_gauss_s0.7,0.04160439116890483
L_gauss_s10.0,0.028655610747446564
color_V,0.02628927132842369
S_st1_s10.0,0.024807298404277145
L_gauss_s1.0,0.0225020415735727
color_b,0.021527294483737178
S_st1_s5.0,0.020929611542313622
L_gauss_s5.0,0.019658254009044054
L_gauss_s3.5,0.015463288499290387
color_G,0.015288618752936066
L_gauss_s1.6,0.014742344121421646
S_st1_s1.6,0.014506648257806558
S_st2_s1.6,0.01107745832132537
S_gauss_s5.0,0.008964186062538336
S_st1_s3.5,0.008547722258591954
color_L,0.005612067009471352
S_gauss_s3.5,0.0054052633280558355
L_gauss_s0.7,0.005053340484028697
color_R,0.0043983939090949855
b_st1_s10.0,0.004213749433180968
S_gauss_s10.0,0.003493966184112305
S_st2_s1.0,0.0031688451522795067
b_dog_s10.0,0.002906709310711065
color_H,0.002772186507628803
S_st2_s0.7,0.002603540784180173
b_st2_s5.0,0.002524037884114854
S_gauss_s0.7,0.0021281152881313546
S_gauss_s1.0,0.0018591406559604706
S_gradmag_s1.0,0.0016045781609495666
S_gradmag_s1.6,0.0014824487903045056
b_st2_s10.0,0.0013542740325295192
b_st1_s1.6,0.0013080308514388118
S_gradmag_s3.5,0.001201965900573613
color_a,0.0010803142297765825
S_hess1_s0.7,0.0009629649922329543
S_gauss_s1.6,0.000852281172443499
S_st1_s1.0,0.0008064334933948946
L_st2_s5.0,0.0006859105362311254
b_st2_s3.5,0.0005626895855376183
S_st1_s0.7,0.0005022641202325229
b_log_s10.0,0.0004908919087478732
b_st1_s5.0,0.0004258722519355706
b_dog_s5.0,0.00036129272357936617
b_hess1_s10.0,0.00022917372806302732
L_st1_s1.0,0.00021783382629991276
color_S,0.00018984584292030906
b_hess2_s10.0,0.00015221487859094123
L_st2_s10.0,0.0001482675862502298
L_st1_s3.5,0.00014377586036156727
b_st2_s1.6,0.00014055815823698845
S_log_s10.0,0.0001389237188052638
b_st2_s1.0,0.00013443217821835536
L_st1_s10.0,0.00012681687076053312
S_hess2_s1.6,0.00012060175340505482
b_log_s5.0,0.00011950721979430479
S_dog_s10.0,0.00010171793198476354
b_hess2_s5.0,0.00010118893986639071
b_st1_s3.5,9.608912640297136e-05
L_st2_s3.5,8.548327948339368e-05
L_dog_s10.0,7.723711599266188e-05
L_hess2_s10.0,7.623604787925712e-05
L_dog_s5.0,6.97532127309376e-05
L_st1_s5.0,6.180953225986795e-05
S_hess2_s0.7,5.6648392256433414e-05
L_hess1_s10.0,4.820604939019252e-05
b_dog_s1.6,4.643526332599577e-05
L_log_s10.0,4.244099098119888e-05
L_dog_s1.0,3.909901988185123e-05
b_log_s1.6,3.780955899836853e-05
b_hess2_s3.5,3.6072875525953734e-05
L_hess2_s3.5,3.50882251426368e-05
L_st2_s1.0,3.4612552845351014e-05
S_dog_s1.0,3.1563852108632246e-05
L_dog_s1.6,2.907809723248864e-05
L_st1_s0.7,2.7634770233584876e-05
b_dog_s1.0,2.5297869561791362e-05
b_log_s1.0,2.482016332850081e-05
L_st1_s1.6,2.255716890781262e-05
L_log_s3.5,2.2472629543721828e-05
L_log_s1.6,2.0357522618589394e-05
L_hess1_s5.0,2.03027469089262e-05
S_log_s1.0,1.9977640315373273e-05
S_dog_s1.6,1.944875698449807e-05
S_dog_s0.7,1.720302044801988e-05
L_hess2_s5.0,1.6368274656962558e-05
b_hess2_s0.7,1.5767256822627773e-05
S_dog_s5.0,1.538076753204257e-05
L_log_s5.0,1.5349488441952908e-05
S_hess2_s10.0,1.4548691724046103e-05
b_log_s3.5,1.451530387701129e-05
b_hess1_s3.5,1.2954616147148917e-05
b_hess1_s5.0,1.2156085298849334e-05
L_dog_s3.5,1.203350652960337e-05
L_hess1_s1.6,1.1295195105706562e-05
S_gradmag_s0.7,1.1160376067071316e-05
b_hess2_s1.6,1.0444677136330424e-05
b_dog_s0.7,1.041284182419251e-05
S_hess2_s1.0,1.0340285915065997e-05
L_dog_s0.7,8.67547434653299e-06
S_log_s1.6,8.650050414731362e-06
S_hess2_s5.0,8.27013126871378e-06
L_st2_s1.6,8.120871824476163e-06
S_hess1_s10.0,8.096272208702085e-06
L_log_s0.7,7.968194214577684e-06
L_hess1_s1.0,7.18856874378665e-06
b_hess1_s1.6,6.9358434635678775e-06
L_log_s1.0,6.8890038762510865e-06
b_st2_s0.7,6.869361456332063e-06
S_log_s0.7,6.2028909967314285e-06
b_hess1_s0.7,6.19547011169215e-06
S_log_s5.0,5.9058409209938065e-06
L_hess1_s0.7,5.833350179908602e-06
b_st1_s1.0,5.581047753984737e-06
L_hess1_s3.5,5.094386411216555e-06
L_st2_s0.7,4.8589006282510465e-06
L_hess2_s1.0,4.182270999152771e-06
L_hess2_s1.6,4.1792040847552685e-06
b_hess2_s1.0,4.1281833215250856e-06
b_dog_s3.5,4.028024087814153e-06
S_log_s3.5,3.802985839807258e-06
b_st1_s0.7,3.695933652189923e-06
S_hess1_s5.0,3.6304489493958486e-06
b_hess1_s1.0,3.4606252021887457e-06
b_log_s0.7,2.7285583900853056e-06
S_dog_s3.5,2.588325906766712e-06
S_hess1_s3.5,2.2243904226629333e-06
S_hess2_s3.5,2.0763284011870646e-06
b_gradmag_s0.7,2.0503778120186727e-06
S_hess1_s1.6,1.9388847654911917e-06
b_gradmag_s1.6,1.7808945710142616e-06
S_gradmag_s10.0,1.7641002707697004e-06
b_gradmag_s10.0,1.734137692248727e-06
L_gradmag_s5.0,1.5958435689690232e-06
S_hess1_s1.0,1.5769955033646127e-06
b_gradmag_s5.0,1.4688233400966632e-06
S_gradmag_s5.0,1.3548680135554904e-06
L_hess2_s0.7,1.3176921428764275e-06
b_gradmag_s1.0,1.2187472804269786e-06
b_gradmag_s3.5,1.1586644130972813e-06
L_gradmag_s10.0,1.112821666177042e-06
L_gradmag_s0.7,1.0366984533271785e-06
L_gradmag_s3.5,5.802846662860758e-07
L_gradmag_s1.0,5.186753267223724e-07
L_gradmag_s1.6,2.8201620592907643e-07
